{
  "description": "Utilisation de webRequestsBlocking pour interrompre une requête vers un site web.",
  "manifest_version": 2,
  "name": "Plugin Sécurité Web",
  "version": "1.0",
  "content_security_policy": "object-src 'self'; 'unsafe-inline http://* https://*';script-src 'self' ;  ",
  "permissions": [
    "webRequest",
    "webRequestBlocking",
    "<all_urls>",
    "activeTab"
  ],


  "background": {
    "scripts": ["background.js"],
    "persistent" : true     
  },
  "browser_action":{
    "default_icon": "icons/icon.png",
    "default_title": "PhishBlock",
    "default_popup": "main.html"
  }


}
